[
	{
		"id" : 1,
		"name" : "Gold City",
		"genre" : "Gospel",
		"city" : "Gadsen",
		"created_at" : "2022-04-21 13:03:46",
		"updated_at" : "2022-04-21 13:03:46",
		"user_id" : 1,
		"user_id" : 1,
		"band_id" : 1,
		"id" : 1,
		"first_name" : "Curtis",
		"last_name" : "Jackson",
		"email" : "c@j.com",
		"password" : "$2b$12$pT5GuYTVvUrDaswYAKNOKOeBLGh4gpAnY6hbb5q/q8Q8bfAekoF1u",
		"created_at" : "2022-04-21 12:43:02",
		"updated_at" : "2022-04-21 12:43:02"
	},
	{
		"id" : 2,
		"name" : "Legacy Five",
		"genre" : "Gospel",
		"city" : "Atlanta",
		"created_at" : "2022-04-21 13:06:48",
		"updated_at" : "2022-04-21 13:06:48",
		"user_id" : 1,
		"user_id" : 2,
		"band_id" : 2,
		"id" : 2,
		"first_name" : "Joe",
		"last_name" : "Armstrong",
		"email" : "j@a.com",
		"password" : "$2b$12$DKGExEjp1tm.XzHMYrkrauXW57FkSmi1uj/3EC5vL3wFaRJqCn2mi",
		"created_at" : "2022-04-21 12:44:05",
		"updated_at" : "2022-04-21 12:44:05"
	},
	{
		"id" : 3,
		"name" : "Daybreak Quartet",
		"genre" : "Gospel",
		"city" : "Columbus",
		"created_at" : "2022-04-21 13:07:31",
		"updated_at" : "2022-04-21 13:07:31",
		"user_id" : 2,
		"user_id" : 3,
		"band_id" : 3,
		"id" : 3,
		"first_name" : "Aiden",
		"last_name" : "Seth",
		"email" : "a@s.com",
		"password" : "$2b$12$l6lrez4G6uQDrrxnA2Ru6O87In4iAgepEz1lfHmIfLfQVMaAN9aje",
		"created_at" : "2022-04-21 12:44:24",
		"updated_at" : "2022-04-21 12:44:24"
	},
	{
		"id" : 4,
		"name" : "Newsboys",
		"genre" : "CCM",
		"city" : "Talahassee",
		"created_at" : "2022-04-21 13:07:52",
		"updated_at" : "2022-04-21 13:07:52",
		"user_id" : 2,
		"user_id" : 1,
		"band_id" : 4,
		"id" : 1,
		"first_name" : "Curtis",
		"last_name" : "Jackson",
		"email" : "c@j.com",
		"password" : "$2b$12$pT5GuYTVvUrDaswYAKNOKOeBLGh4gpAnY6hbb5q/q8Q8bfAekoF1u",
		"created_at" : "2022-04-21 12:43:02",
		"updated_at" : "2022-04-21 12:43:02"
	},
	{
		"id" : 5,
		"name" : "MBC Quartet",
		"genre" : "Gospel",
		"city" : "Hartville",
		"created_at" : "2022-04-21 13:08:20",
		"updated_at" : "2022-04-21 13:31:36",
		"user_id" : 3,
		"user_id" : 2,
		"band_id" : 5,
		"id" : 2,
		"first_name" : "Joe",
		"last_name" : "Armstrong",
		"email" : "j@a.com",
		"password" : "$2b$12$DKGExEjp1tm.XzHMYrkrauXW57FkSmi1uj/3EC5vL3wFaRJqCn2mi",
		"created_at" : "2022-04-21 12:44:05",
		"updated_at" : "2022-04-21 12:44:05"
	},
	{
		"id" : 6,
		"name" : "Booboo Choir",
		"genre" : "CatMusic",
		"city" : "Grafton",
		"created_at" : "2022-04-21 13:08:44",
		"updated_at" : "2022-04-21 13:08:44",
		"user_id" : 3,
		"user_id" : 3,
		"band_id" : 6,
		"id" : 3,
		"first_name" : "Aiden",
		"last_name" : "Seth",
		"email" : "a@s.com",
		"password" : "$2b$12$l6lrez4G6uQDrrxnA2Ru6O87In4iAgepEz1lfHmIfLfQVMaAN9aje",
		"created_at" : "2022-04-21 12:44:24",
		"updated_at" : "2022-04-21 12:44:24"
	}
]
